{
    "rmse": 1668.2149544036108,
    "mae": 1036.2112857363252,
    "r2": 0.8321956246868083
}