{
    "rmse": 1668.3485914888618,
    "mae": 1036.1393874044372,
    "r2": 0.8321687387201592
}