{
    "rmse": 1667.6154030117996,
    "mae": 1036.4742335614021,
    "r2": 0.8323162197786074
}