{
    "rmse": 1667.8470785733289,
    "mae": 1036.246754500787,
    "r2": 0.8322696251832447
}