{
    "rmse": 1667.104743631916,
    "mae": 1035.8183068742467,
    "r2": 0.832418900749666
}