{
    "rmse": 1667.4910153399317,
    "mae": 1036.0675775834377,
    "r2": 0.8323412339600561
}